<?xml version="1.0"?>
<beans
xmlns="http://www.springframework.org/schema/beans"
xmlns:context="http://www.springframework.org/schema/context"
xmlns:tx="http://www.springframework.org/schema/tx"
xmlns:mvc="http://www.springframework.org/schema/mvc"
xmlns:jpa="http://www.springframework.org/schema/data/jpa"
xmlns:xsi="http://www.w3.org/2001/XMLSchema-instance"
xsi:schemaLocation="http://www.springframework.org/schema/beans
http://www.springframework.org/schema/beans/spring-beans.xsd
http://www.springframework.org/schema/context
http://www.springframework.org/schema/context/spring-context.xsd
http://www.springframework.org/schema/tx
http://www.springframework.org/schema/tx/spring-tx.xsd
http://www.springframework.org/schema/mvc
http://www.springframework.org/schema/mvc/spring-mvc.xsd
http://www.springframework.org/schema/data/jpa
http://www.springframework.org/schema/data/jpa/spring-jpa.xsd">
<jpa:repositories base-package="com.ey.training.fsd.repository"
entity-manager-factory-ref="emf"></jpa:repositories>
<context:component-scan base-package="com.ey.training.fsd"></context:component-scan>
<context:annotation-config></context:annotation-config>
<mvc:annotation-driven></mvc:annotation-driven>

<context:component-scan base-package="com.ey.training.fsd"></context:component-scan>


<bean id="ds" class="org.springframework.jdbc.datasource.DriverManagerDataSource">
<property name="driverClassName" value="com.mysql.jdbc.Driver"></property>
<property name="url" value="jdbc:mysql://localhost:3306/ey"></property>
<property name="username" value="root"></property>
<property name="password" value="123456"></property>
</bean>


<bean id="emf" 
class="org.springframework.orm.jpa.LocalContainerEntityManagerFactoryBean">
<property name="dataSource" ref="ds"></property>
<property name="packagesToScan" value="com.ey.training.fsd.model">

</property>
<property name="jpaProperties">
<props>
<prop key="hibernate.dialect">org.hibernate.dialect.MySQL5Dialect</prop>
<prop key="hibernate.hbm2ddl.auto">update</prop>

<prop key="hibernate.show_sql">true</prop>
</props>
</property>

<property name="persistenceProvider">
<bean class="org.hibernate.jpa.HibernatePersistenceProvider"></bean>

</property>

</bean>




<tx:annotation-driven transaction-manager="transactionManager"/>
<bean id="transactionManager"  
class="org.springframework.orm.jpa.JpaTransactionManager">
<property name="dataSource" ref="ds"></property>
</bean>
</beans>
